Series0,
AXIS0,OUTPUT
Main.Studies.InverseDynamicStudy.Output.Abscissa.t,Main.Studies.InverseDynamicStudy.Output.BodyModel.SelectedOutput.Trunk.JointReactionForce.L5SacrumProximoDistalForce
0.050001,57.05745805423004
0.066668,67.2988128943083
0.083335,118.66546744599589
0.100002,-88.19317080173738
0.116669,-33.0267097424105
0.133336,10.51810334264951
0.150003,86.58843826710682
0.16667,-138.1383465854683
0.183337,-117.325282779144
0.200004,171.4291479776657
0.216671,14.46444495547172
0.233338,-22.029762844529223
0.250005,-86.5271978813409
0.266672,-79.594680555097
0.283339,-7.361782751437403
0.300006,266.5899526537471
0.316673,-28.630573751275193
0.33334,126.44676746315281
0.350007,87.0998641974985
0.3666740000000001,270.8497660252842
0.383341,71.424732218346
0.400008,179.9602444295125
0.416675,299.3811848643655
0.433342,293.6713473448847
0.450009,50.09219283845641
0.466676,219.2719632786976
0.483343,213.4146449876926
0.50001,-4.678274244277588
0.516677,-5.063345249651292
0.533344,214.5663237287209
0.5500109999999999,210.9937015656221
0.566678,13.387742151821811
0.583345,57.17612652098501
0.600012,269.8410729210998
0.616679,72.67579743556041
0.633346,272.03630643141867
0.650013,55.64193876321025
0.6666799999999999,-100.76462382817772
0.683347,174.3917027844106
0.700014,-3.485783551146941
0.716681,185.5189637519976
0.733348,192.6514959173761
0.7500149999999999,88.37699520608652
0.766682,-147.75039182419937
0.783349,113.62449383288731
0.800016,-172.47088093460115
0.8166829999999999,-194.41089093964837
0.83335,-168.33835100823194
0.850017,-106.70569985560661
0.866684,23.71566484007514
0.883351,47.1236292890361
0.9000179999999999,-124.09662406108643
0.916685,86.43793327320347
0.933352,68.32212451403512
0.950019,196.47408239496747
0.966686,-12.719931000107294
0.983353,-78.23690611418795
1.00002,200.95106980745464
1.016687,239.6875105706726
1.033354,204.42180132805805
1.050021,18.695933465837797
1.066688,235.3162130125825
1.083355,211.8607021279134
1.100022,159.4009911112786
1.116689,93.70133848802911
1.133356,412.3240250314428
1.150023,556.1045829932697
1.16669,425.4324821370123
1.183357,640.1600572579237
1.200024,521.4178385453088
1.216691,569.2869565577482
1.233358,237.51679239691288
1.250025,268.9039052044841
1.266692,264.4513015425166
1.283359,535.9291529383468
1.300026,244.6834987644529
1.316693,258.3325408572997
1.33336,372.2441602836475
1.350027,364.3814906713734
1.366694,198.9509798476946
1.383361,425.4409838845457
1.400028,198.7161455016313
1.416695,254.5778602052801
1.433362,175.4146216911859
1.450029,355.9575248568468
1.466696,236.2016469446488
1.483363,61.7079046737847
1.50003,415.8757245037046
1.516697,198.4394263681431
1.533364,342.1944348532311
1.550031,227.3215798136384
1.566698,45.759954251187594
1.583365,396.350181278942
1.600032,428.4309159774041
1.616699,242.387948819875
1.633366,222.3219881158039
1.650033,119.4258524812575
1.6667,204.6217800195833
1.683367,293.9019120604836
1.700034,421.2618160667603
1.716701,201.25955909259483
1.733368,111.81433217002831
1.750035,199.35640874337412
1.766702,229.95742054036788
1.783369,374.5849238553466
1.800036,185.6913723555444
1.816703,316.682274234154
1.83337,371.339762224719
1.850037,470.6551867702837
1.866704,132.02622903745947
1.883371,161.23536200453287
1.900038,317.4896853693634
1.916705,449.4511469392176
1.933372,283.3247079919692
1.950039,259.8616874044996
1.966706,356.9375372466033
1.983373,196.0412381382653
2.00004,122.77120039802841
2.016707,39.19621449005709
2.033374,133.8626258613607
2.050041,259.22942734611024
2.066708,395.5548637133985
2.083375,210.3630587014905
2.100042,-3.474018497679907
2.116709,190.910717293074
2.133376,64.182793692965
2.150043,166.14633792514422
2.16671,154.78339578721307
2.183377,-53.64486820814091
2.200044,31.068893706335473
2.216711,62.85027268999602
2.233378,0.20927301723730807
2.250045,8.966178453405519
2.266712,-119.16998818827244
2.283379,160.33492006822541
2.300046,144.70100741745574
2.316713,-28.142856686017524
2.33338,135.73158306934045
2.350047,-104.88829291367105
2.366714,-34.71912773044627
2.383381,82.84009462243924
2.400048,-51.69118851431202
2.416715,-187.49894560947902
2.433382,92.04234324327771
2.450049,-156.80028455556194
2.466716,-103.413481886309
2.483383,-100.7640505305526
2.50005,32.1321418601438
2.516717,-138.653299524548
2.533384,-49.014027597794666
2.550051,193.5879430422067
2.566718,235.201976964091
2.583385,121.75717029534809
2.600052,-0.884939947857589
2.616719,284.2196912514881
2.633386,246.509711683153
2.650053,428.5433402231798
2.66672,173.72857493737342
2.683387,463.0089068782257
2.700054,273.0449652134095
2.716721,257.2561401878157
2.733388,312.66605247807786
2.750055,34.04549394928773
2.766722,88.61043361930604
2.783389,-135.7073949308309
2.800056,139.1534809135154
2.816723,43.122955226069
2.83339,-139.22191657852613
2.850057,-160.37098725113168
2.866724,206.95346820063355
2.883391,-15.19105183136617
2.900058,-36.24699649349941
2.916725,-46.43831925496212
2.933392,-8.562163429843878
2.950059,-51.23722712704031
2.966726,12.552428777514393
2.983393,141.5542142210379
3.00006,-18.05405234834734
3.016727,-73.4183883136269
3.033394,149.91595046287554
3.050061,226.2537190754739
3.066728,103.92323844674303
3.083395,176.87530029537578
3.100062,187.59256378133733
3.116729,309.9317136834868
3.133396,166.1522883831655
3.150063,333.1800986633064
3.16673,-1.9066414852296987
3.183397,276.0167943905134
3.200064,334.86458897370926
3.216731,-1.6419413055276948
3.233398,84.3940555311033
3.250065,276.8142343562817
3.266732,42.486627365704905
3.283399,29.7845357205034
3.300066,193.0818020995829
3.316733,22.8208614766709
3.3334,92.2771038710799
3.350067,31.9362728634039
3.366734,127.5297479156999
3.383401,35.772758162468335
3.400068,172.60437360654686
3.416735000000001,51.84921040922569
3.433402,251.36786467587206
3.450069,-11.95728384002831
3.466736,-43.05590662104015
3.483403,120.2568378258366
3.50007,81.1561583611097
3.516737,158.9524893531772
3.533404,76.7620639868265
3.550071,131.6541458191233
3.566738,66.63155731696551
3.583405,1372.91026159022
3.600072,1123.5275646850373
3.616739,765.6910341728619
3.633406,947.714541302247
3.650073,1333.050945405851
3.66674,1306.626160567964
3.683407,1669.056369043544
3.700074,2208.886026694874
3.716741,2409.381260839385
3.733408,2657.424953248353
3.750075,3031.727531065802
3.766742,2929.477569459958
3.783409,2846.929229239883
3.800076,3063.599201638972
3.816743,3143.635594631508
3.83341,2816.331916212198
3.850077,3205.124776593574
3.866744,3033.810230602307
3.883411,3159.736055177944
3.900078,2891.614623476041
3.916745,2832.750473902297
3.933412,2842.508851272229
3.950079,2891.319156410005
3.966746,3128.213982321757
3.983413,2990.520931030943
4.000080000000001,2835.301722358556
4.016747000000001,3104.012324613318
4.033414,2760.296621663937
4.050081,2956.117625995449
4.066748,2963.994604516483
4.083415,3074.99363171428
4.100082,2883.66666537246
4.116749,3165.639057367583
4.133416,3030.256046101153
4.150083,2905.095298870162
4.16675,2895.074204388013
4.183417,3015.778348756725
4.200084,2927.388677221937
4.216751,3379.016562374277
4.233418,3245.766812957288
4.250085,3172.841398876466
4.266752,3342.892642507958
4.283419,3411.166269437684
4.300086,3650.001175900352
4.316753,3715.671256744829
4.33342,3347.343150369736
4.350087,3510.133187611499
4.366754,3754.833888719368
4.383421,4572.610237174075
4.400088,4847.665858922
4.416755,5188.937577935537
4.433422,5145.51757012484
4.450089,4742.820064791815
4.466756,4973.368884762571
4.483423,4874.740375814345
4.50009,4828.134809392783
4.516757,4657.491471132248
4.533424,5003.179391498657
4.550091,4800.888095692346
4.566758,4890.693583312012
4.583425,5086.426305189249
4.600092,5069.720579912751
4.616759,5121.642448765786
4.633426,5082.990299125942
4.650093,5118.631371052475
4.66676,4766.373717025838
4.683427,4969.062129626406
4.700094,4904.081253263699
4.716761,4729.002669692471
4.733428,4712.699603605413
4.750095,4577.108106180555
4.766762,4671.622090488177
4.783429,4549.748403042756
4.800096,4482.970044203266
4.816763,4651.123974195226
4.83343,4465.603598428052
4.850097,4440.752507093998
4.866764,4648.520606003992
4.883431000000001,4732.157760684397
4.900098,4568.080155299584
4.916765,4853.217406101385
4.933432000000001,4660.223883108227
4.950099000000001,4629.865527539313
4.966766,4606.582476325166
4.983433,4849.994003636452
5.000100000000001,4900.672728323122
5.016767,5028.769288287509
5.033434,5015.514413080497
5.050101000000001,4849.859120977123
5.066768000000001,5002.158056282727
5.083435,4789.938709409484
5.100102,4854.045175718007
5.116769000000001,5010.584994495375
5.133436000000001,4985.221189747778
5.150103,4938.270142013939
5.16677,5023.609095994791
5.183437000000001,4707.988565124734
5.200104000000001,4926.515924892257
5.216771,4913.180943494951
5.233438,4954.459840484999
5.250105,4954.657479417309
5.266772,5119.494556402661
5.283439,4826.16151459404
5.300106,5193.431908790537
5.316773,5098.011136790513
5.33344,5171.023184225211
5.350107,5042.090862289952
5.366774,5002.782309363129
5.383441,5086.902951594657
5.400107999999999,5111.235165310763
5.416775,5203.60246026743
5.433442,5220.231057661281
5.450109,5261.249642617698
5.466775999999999,5136.038280661764
5.483443,4996.744118211777
5.50011,5013.998427663624
5.516777,5280.701012937566
5.533444,5263.446924224902
5.550111,5257.21885555653
5.566778,5331.864441670287
5.583444999999999,5219.486316762444
5.600112,5051.678248836874
5.616779,5340.352297463653
5.633446,5014.089897968608
5.650112999999999,5074.718508442304
5.66678,5177.718406613472
5.683447,5158.611761189256
5.700114,5276.037194739985
5.716781,5023.285379420091
5.733448,5467.576819736585
5.750115,5239.731439112288
5.766782000000001,5109.122786201
5.783449,4941.818960101021
5.800116,5237.236222703937
5.816783,4903.612872011016
5.833450000000001,5190.5338967596
5.850117,5175.095372414524
5.866784,5121.445199086152
5.883451,5014.543717102863
5.900118,5331.127470763069
5.916785,5267.966423086775
5.933452,5093.508696998234
5.950119000000001,5191.722140444794
5.966786,5180.89774926993
5.983453,4987.803025293432
6.00012,5093.442603907245
6.016787000000001,5139.419344429539
6.033454,5067.32538861393
6.050121,5324.802774292637
6.066788000000001,5342.189199960183
6.083455000000001,5445.801772380043
6.100122,5384.830448864994
6.116789,5491.358615855489
6.133456000000001,5257.797189783451
6.150123000000001,5294.700659719531
6.16679,5273.808900059048
6.183457,5372.34212125302
6.200124000000001,5171.238226283684
6.216791,5054.530418244313
6.233458,5111.259574684519
6.250125000000001,5135.308227868357
6.266792000000001,5414.522405804547
6.283459,5392.965990283149
6.300126,5372.827436043659
6.316793000000001,5091.388086257641
6.333460000000001,5059.880691899836
6.350127,5298.73247801909
6.366794,5113.111227534573
6.383461,5119.947535904822
6.400128,5194.882144535868
6.416795,5229.994758234923
6.433462,5012.523478775475
6.450129,5167.691419909503
6.466796,5124.94203232222
6.483463,5331.094753904666
6.50013,5244.188504277169
6.516797,5421.950671538557
6.533463999999999,5327.598313731024
6.550131,5329.508899228151
6.566798,5344.871219379219
6.583465,5101.78844629697
6.600131999999999,5155.178443709631
6.616799,5146.052368432192
6.633466,5146.538495324056
6.650133,5257.122685438531
6.666799999999999,5138.007420634221
6.683467,5077.740531125453
6.700134,5011.161514508259
6.716801,5117.378115020047
6.733468,5228.787308009359
6.750135,5062.587592869592
6.766802,4877.288136020647
6.783469000000001,5070.413267472148
6.800136,4884.338870307985
6.816803,5171.388514119099
6.83347,4949.575954661489
6.850136999999999,4874.965446826509
6.866804,4841.753220411028
6.883471,5181.372228093868
6.900138,5023.448220903018
6.916805,5147.236926482365
6.933472,5365.885797942677
6.950139,5343.454692266785
6.966806000000001,5316.499352101055
6.983473,5366.171305586195
7.00014,5286.572545705701
7.016807,5333.992498559232
7.033474000000001,4961.216480983921
7.050141,5029.067056318879
7.066808,5184.278765251236
7.083475000000001,4838.085748912863
7.100142000000001,4869.367765245464
7.116809,4947.832268696797
7.133476,5039.542946055729
7.150143000000001,5112.666696772582
7.16681,5309.249966473071
7.183477,5352.662916305014
7.200144,5327.058914725175
7.216811000000001,5482.027632529413
7.233478,5601.215908018736
7.250145,5477.836936578086
7.266812000000001,5617.94745850307
7.283479000000001,5818.466872054145
7.300146,5644.197821377416
7.316813,5467.044541199382
7.333480000000001,5586.307200488333
7.350147000000001,5764.936308746338
7.366814,5495.338090432486
7.383481,5631.683157178537
7.400148000000001,5577.577574494659
7.416815,5690.602450411921
7.433482,5660.00735826251
7.450149000000001,5318.305638962535
7.466816000000001,5194.862513867082
7.483483,5035.091670138028
7.50015,5280.95032610816
7.516817000000001,5105.21392807746
7.533484000000001,5123.024219656432
7.550151,5122.398935731729
7.566818,5140.212777306721
7.583485,5378.947179567393
7.600152,5584.820798131774
7.616819,5687.694005397701
7.633486,5831.81701089132
7.650153,5781.407300708876
7.66682,5858.078419798072
7.683487,6117.994421694773
7.700154,5873.295008358756
7.716821,6255.38007403308
7.733487999999999,6076.219509261055
7.750155,6033.663019827432
7.766822,5901.711544302295
7.783489,5721.374196565902
7.800155999999999,5864.747742147048
7.816823,5893.464149851636
7.83349,5924.158419759003
7.850157,6063.264710346666
7.866823999999999,5951.604197472749
7.883491,5848.994065507021
7.900158,6086.873000211326
7.916825,6162.944848083987
7.933492,5972.434520370423
7.950159,5680.848606150441
7.966826,5872.768271301728
7.983493000000001,5974.966748166903
8.000160000000001,6316.35028545873
8.016827000000001,6335.162204434007
8.033494000000001,6262.400272638972
8.050161,6005.613278108439
8.066828,6232.291145321065
8.083495000000001,6170.564547284976
8.100162000000001,6138.701145213849
8.116829,6113.362844754526
8.133496,6189.613425563172
8.150163000000001,6321.139039550821
8.166830000000001,6486.409414741497
8.183497,6733.71786287947
8.200164000000001,6707.254427250368
8.216831,6595.548716429662
8.233498,6550.390758927884
8.250164999999999,6671.247540651452
8.266832,6557.839449271691
8.283499,6723.065821751149
8.300166,6717.041181578772
8.316833,6645.018230516267
8.3335,6518.2201004036
8.350167,6758.95506124401
8.366833999999999,6528.277604258166
8.383501,6618.881642317889
8.400168,6749.920578937103
8.416835,7112.411154998477
8.433501999999999,6726.916544145373
8.450169,6659.376943426236
8.466836,6680.948901739328
8.483503,6820.163299436136
8.50017,6431.237018256359
8.516837,6582.991204067006
8.533504,6802.957385322203
8.550171,6564.618495489874
8.566838,6747.620755080717
8.583505,6816.16229480001
8.600172,6858.221376700394
8.616839,6444.289787231481
8.633506,6773.028158842761
8.650173,6777.27576544954
8.66684,6673.463839623892
8.683507,6705.078206740257
8.700174,6428.125489074906
8.716841,6372.235053803478
8.733508,6388.787892186608
8.750175,6350.862860918481
8.766842,6242.723886822836
8.783509,6358.515003029069
8.800176,6418.841045493971
8.816843,6585.172143272717
8.83351,6475.441945756551
8.850177,6388.867974966957
8.866844,6576.975208569162
8.883511,6535.508716058789
8.900178,6731.382973446872
8.916845,6805.088960915128
8.933512,6965.765089738602
8.950179,7001.465931582999
8.966846,6627.909114292552
8.983513,6883.64167926126
9.00018,6506.927312605288
9.016847,6589.561043862797
9.033514,6658.658297014291
9.050181,6507.704457853019
9.066848,6572.937935468707
9.083515,6179.24249520556
9.100182,5989.478024807494
9.116849,5977.485073336486
9.133516,5920.125795118078
9.150183,5923.637210686014
9.16685,5905.797012294654
9.183517,5994.852312665015
9.200184,5795.774207578351
9.216851,5498.793478678955
9.233518,5408.907680909565
9.250185,5359.136053504899
9.266852,5034.100629554539
9.283519,4985.163854633067
9.300186,5336.356618334721
9.316853,5062.601845009511
9.33352,5239.392450289501
9.350187,5208.613602183228
9.366854,4939.818399930432
9.383521,5135.761324840435
9.400188,4830.285130177111
9.416855,4948.567339872089
9.433522,4905.070444935069
9.450189,5006.818806277552
9.466856,4877.9115843196
9.483523,4949.816276470826
9.50019,5058.869155651798
9.516857,4694.725463672532
9.533524,4998.026289041776
9.550191,4695.825137907109
9.566858,4691.446412481103
9.583525,4786.05902277984
9.600192,4715.082958331949
9.616859,4693.305560870705
9.633526,4652.393004549962
9.650193,4670.435779943989
9.66686,4957.452214896189
9.683527,4656.934565584196
9.700194000000002,4814.547490989226
9.716861000000002,4805.357480768524
9.733528,4789.461840922701
9.750195,4680.353819091982
9.766862,5051.187467069753
9.783529,5087.41740599795
9.800196,5105.014362722294
9.816863,5016.178224089207
9.83353,5215.298283406251
9.850197,5222.353145672457
9.866864,5379.612981372922
9.883531,5357.793444727793
9.900198,4997.122919142902
9.916865,5348.81896301463
9.933532,5168.795743487432
9.950199,5241.834217243453
9.966866,5055.647428822379
9.983533,5041.047780118906
10.0002,4979.623598462578
10.016867,5053.154131519124
10.033534,5221.927064789853
10.050201,4885.636903423562
10.066868,5206.921508626199
10.083535,4896.226604862901
10.100202,5049.540951779044
10.116869,4993.365777970936
10.133536,5089.823395265476
10.150203,5089.234435598129
10.16687,4788.109192529142
10.183537,4971.032583648852
10.200204,4928.51320813257
10.216871,5256.599736339811
10.233538,5071.068809522249
10.250205,4993.273074976211
10.266872,5235.677518187408
10.283539,5644.708543683115
10.300206,5831.217490884374
10.316873,5797.129508981825
10.33354,5731.013614415435
10.350207,5764.516677866259
10.366874,5880.456532978684
10.383541,5674.271371307556
10.400208,5631.231841142201
10.416875,5606.404755822969
10.433542,5552.884618798127
10.450209,5638.377124996615
10.466876,5947.64923905662
10.483543,5578.776414474289
10.50021,5861.250066918441
10.516877,5945.054069561455
10.533544,5952.47859296998
10.550211,5778.136633092822
10.566878,5961.853783409408
10.583545,5834.323747695518
10.600212,5946.061928654392
10.616879,5775.773974650907
10.633546,6125.536284124274
10.650213,6014.62908707443
10.66688,5932.495054080984
10.683547,6161.431964257449
10.700214,6291.649933043594
10.716881,6066.72209685741
10.733548,6050.76904292218
10.750215,6200.399812358412
10.766882,6062.666518350785
10.783549,6093.959588223222
10.800216,6092.163402395256
10.816883,6336.264573990067
10.83355,5633.104878582845
10.850217,5969.266285753176
10.866884,5998.00386182535
10.883551,6220.712883032876
10.900218,5878.146095246745
10.916885,5929.27922418896
10.933552,6027.330190144182
10.950219,6128.347808125059
10.966886,5955.519338224121
10.983553,5844.998685328611
11.00022,6049.487475435153
11.016887,6085.773787546536
11.033554,6078.767962618894
11.050221,5921.393843863536
11.066888,6273.364471539469
11.083555,5990.476725661546
11.100222,6255.580529740865
11.116889,6078.390687024664
11.133556,6093.360763557827
11.150223,6135.569943901983
11.16689,6058.265887303318
11.183557,6149.874274067633
11.200224,6190.164913064796
11.216891,6172.460109708932
11.233558,6272.918383892614
11.250225,6189.735006485389
11.266892,6182.910265758132
11.283559,6204.211334158475
11.300226,6169.21754851076
11.316893,6169.750308593995
11.33356,6288.492154360355
11.350227,6466.963811840949
11.366894,6232.896752831506
11.383561,6586.146717646624
11.400228,6358.397433368969
11.416895,6301.583450843578
11.433562,6742.523650769858
11.450229,6714.155559258705
11.466896,6799.843984744733
11.483563,6840.71225701394
11.50023,6684.676802718338
11.516897,6292.613509946094
11.533564,6320.552472767252
11.550231,6059.445751096233
11.566898,5910.93185432256
11.583565,6166.502125024133
11.600232,5866.449910496354
11.616899,5732.099089734746
11.633566,5789.820424669978
11.650233,5554.593153138178
11.6669,5476.289556524872
11.683567,5465.471848826579
11.700234,5740.584478124958
11.716901,5551.624362194681
11.733568,5388.99987780308
11.750235,5464.964112030194
11.766902,5339.201164444939
11.783569,5144.623648196551
11.800236,5015.941601386343
11.816903,5220.008423266621
11.83357,5206.226496963091
11.850237,4767.448577857294
11.866904,4762.710009496453
11.883571,4762.397720756759
11.900238,4933.656478314516
11.916905,4980.348565512632
11.933572,4548.105346836379
11.950239,4654.642901247757
11.966906,4667.966218172587
11.983573,4540.955860255378
12.00024,4435.597010515888
12.016907,4647.942051871382
12.033574,4542.23043024852
12.050241,4441.794970259038
12.066908,4651.631372461209
12.083575,4460.687247245708
12.100242,4337.313089142373
12.116909,4466.371911901455
12.133576,4381.051601787927
12.150243,4562.237079095305
12.16691,4512.289549855655
12.183577,4833.183112947149
12.200244,4795.194530320255
12.216911,4790.951736545842
12.233578,4777.686042092456
12.250245,5095.905635783484
12.266912,4861.624356996775
12.283579,4938.986815081971
12.300246,4945.549671706988
12.316913,4911.485342907518
12.33358,4963.720835440801
12.350247,5044.70908463155
12.366914,4979.726839533271
12.383581,5091.740462049205
12.400248,4889.30358676036
12.416915,4864.394882051383
12.433582,5065.135079420988
12.450249,5109.853578620568
12.466916,5076.920653506395
12.483583,5096.942457125394
12.50025,4959.674378081606
12.516917,5259.514521266049
12.533584,5188.662142951615
12.550251,5297.440768214679
12.566918,5089.447144374615
12.583585,5310.109098861289
12.600252,5123.483465849568
12.616919,5137.496483693391
12.633586,5258.341857091467
12.650253,5375.667211552277
12.66692,5235.820460775378
12.683587,5135.738673767015
12.700254,5221.350248860927
12.716921,5031.513868416697
12.733588,5222.230471989894
12.750255,5169.676452908711
12.766922,5363.299166708893
12.783589,5196.85978930392
12.800256,5629.673428525152
12.816923,5730.471566565705
12.83359,5772.966852226836
12.850257,5541.860738894205
12.866924,5423.486161983176
12.883591,5386.9429010542
12.900258,5256.375046025222
12.916925,5375.511837012731
12.933592,5200.454620285125
12.950259,5182.978153604914
12.966926,5589.947509039715
12.983593,5418.641863730107
13.00026,5578.780008339858
13.016927,5718.08010142352
13.033594,5990.068870794124
13.050261,6177.675982479199
13.066928,6180.208409969232
13.083595,5978.039912859812
13.100262,6301.543056738321
13.116929,6397.911778010296
13.133596,6213.205219167049
13.150263,6264.189841606704
13.16693,6282.076777021229
13.183597,6180.391090770278
13.200264,6489.483952111375
13.216931,6086.564385503517
13.233598,6280.99790187674
13.250265,6195.865059424847
13.266932,6042.768052172578
13.283599,6261.970985355633
13.300266,6316.632566597887
13.316933,6135.829091806552
13.3336,6062.605144399086
13.350267,6068.958310135718
13.366934,6512.733619926867
13.383601,6209.97133236154
13.400268,5914.910961541045
13.416935,6500.731504599747
13.433602,6317.488068939647
13.450269,5995.050122683241
13.466936,6010.534748353275
13.483603,5895.990956819314
13.50027,5935.065667048571
13.516937,5973.517503618721
13.533604,6264.425751036582
13.550271,6128.570038920274
13.566938,5798.207252822122
13.583605,5993.54810595838
13.600272,5960.10782112704
13.616939,5879.620048803725
13.633606,6104.21801877183
13.650273,6046.590444066249
13.66694,5900.935197797207
13.683607,5873.688056305545
13.700274,5935.366098777919
13.716941,6117.135033732189
13.733608,6051.419367166764
13.750275,5832.364987923335
13.766942,6111.875081925236
13.783609,6122.532552920799
13.800276,5976.810025745459
13.816943,5844.769500367097
13.83361,6365.625137998555
13.850277,6328.710925408199
13.866944,6018.989439414446
13.883611,6129.323789215085
13.900278,6506.015335952899
13.916945,6534.130144371671
13.933612,6390.747994758154
13.950279,6318.641844390268
13.966946,6256.997621026678
13.983613,6045.446917767312
14.00028,6282.5880410744
14.016947,5891.733079206903
14.033614,5903.573666190011
14.050281,6053.98197248532
14.066948,6130.126709290284
14.083615,5920.086109753335
14.100282,5841.746089734423
14.116949,5830.146839580413
14.133616,6161.865468527823
14.150283,6076.520854472433
14.16695,6021.288149368217
14.183617,5553.855190146061
14.200284,5761.38444369061
14.216951,5416.982115398288
14.233618,5220.584374693823
14.250285,5319.055145926657
14.266952,5397.516471994767
14.283619,5268.214465796384
14.300286,5216.08454293677
14.316953,5382.322131936659
14.33362,5006.107298326398
14.350287,5395.975952807253
14.366954,5099.302630529593
14.383621,4968.401606297964
14.400288,4911.919644693608
14.416955,5187.506755012398
14.433622,5091.507088252873
14.450289,5091.944742214979
14.466956,4987.99577629024
14.483623,4746.987913476066
14.50029,4666.946598532119
14.516957,4584.245615821649
14.533624,4885.037792562784
14.550291,4509.972842555263
14.566958,4818.005256598282
14.583625,4550.829136082187
14.600292,4696.819751714796
14.616959,4621.029918523001
14.633626,4724.03170445192
14.650293,4500.009244367005
14.66696,4622.095391147722
14.683627,4716.011643497733
14.700294,4581.51236752427
14.716961,4697.300616716246
14.733628,4668.599192934768
14.750295,4635.615982986223
14.766962,4873.17570145103
14.783629,4687.060247391929
14.800296,4940.152413488496
14.816963,4825.706033065738
14.83363,4760.668507197935
14.850297,5140.628041747042
14.866964,4973.478877664574
14.883631,5007.176452758786
14.900298,4923.54923215383
14.916965,4987.540799412829
14.933632,5137.455138485464
14.950299,5142.356355693747
14.966966,4948.283875123283
14.983633,4962.055861904661
15.0003,4724.987783360754
15.016967,4716.073346893949
15.033634,4678.687192284451
15.050301,4734.354477061263
15.066968,4509.89680158068
15.083635,4558.401433799648
15.100302,4836.410556068157
15.116969,4767.409304850935
15.133636,4697.746225927861
15.150303,4825.143806701797
15.16697,4924.175879763488
15.183637,5002.111448812255
15.200304,4847.763957078238
15.216971,5325.463871716923
15.233638,5030.382104929434
15.250305,5365.76537781323
15.266972,5374.12181766865
15.283639,5089.50861090428
15.300306,5416.617864432925
15.316973,5254.480912559018
15.33364,5174.669357348599
15.350307,5355.949716406306
15.366974,5313.316120978147
15.383641,5313.50248508917
15.400308,5423.850430363779
15.416975,5301.484489354414
15.433642,5426.42849028156
15.450309,5461.450097045004
15.466976,5409.52766511704
15.483643,5616.717953846237
15.50031,5329.631930929403
15.516977,5566.586179468006
15.533644,5361.216727878906
15.550311,5449.896017574272
15.566978,5294.438005990852
15.583645,5520.646675106461
15.600312,5543.869935091853
15.616979,5380.019387409423
15.633646,5497.526048590745
15.650313,5433.282214062939
15.66698,5597.022532134226
15.683647,5500.246279883957
15.700314,5656.308541723092
15.716981,6025.030296379126
15.733648,5887.73084562323
15.750315,6258.640938315991
15.766982,6101.80006813179
15.783649,6001.442706401236
15.800316,6186.098931386525
15.816983,6454.773617400316
15.83365,6340.676504317102
15.850317,6289.775273314591
15.866984,6219.042085428765
15.883651,6370.016962173719
15.900318,6500.196068275324
15.916985,6499.3724173443
15.933652,6181.382975514595
15.950319,6186.451216987152
15.966986,6391.6559168808
15.983653,6290.750264889088
16.00032,6238.193860629656
16.016987,6303.700610817372
16.033654,5986.252002125371
16.050321,5893.564214860024
16.066988,5956.827618293418
16.083655,6074.824648296222
16.100322,6095.459025792256
16.116989,6250.06903768385
16.133656,6336.70408814943
16.150323,6217.606923412568
16.16699,6339.713785420868
16.183657,5854.702194174144
16.200324,5686.0336906826
16.216991,5953.290884037721
16.233658,5879.286720932875
16.250325,5805.462837257884
16.266992,5781.717512912225
16.283659,5851.508720522166
16.300326,6058.774423236271
16.316993,5548.844565761307
16.33366,5594.945071570214
16.350327,5997.824901078986
16.366994,6025.631536051016
16.383661,6039.142185335091
16.400328,5757.109746397387
16.416995,5900.090313650312
16.433662,6321.902234960777
16.450329,6017.216655414312
16.466996,5839.69840044103
16.483663,6232.87667587433
16.50033,6418.923354336652
16.516997,6384.569991740071
16.533664,6521.018476448773
16.550331,6335.687645065318
16.566998,6468.516996225688
16.583665,6205.663814832651
16.600332,6052.753930085958
16.616999,5987.953639248554
16.633666,6110.540477591845
16.650333,6035.810535783135
16.667,5835.170406216917
16.683667,5741.236269135207
16.700334,5842.02209560956
16.717001,5919.877247496543
16.733668,5784.195017063884
16.750335,5825.563914928471
16.767002,5700.118258928182
16.783669,5726.599477320883
16.800336,5282.342388801784
16.817003,5490.590316565874
16.83367,5577.171494074274
16.850337,5528.174535696094
16.867004,5493.61273381315
16.883671,5322.116901407135
16.900338,5206.406880780491
16.917005,4998.093595104539
16.933672,4854.205663288921
16.950339,4975.805344982823
16.967006,4831.260020821554
16.983673,4774.423938547142
17.00034,4767.785409629536
17.017007,5027.372956308783
17.033674,4930.642730742179
17.050341,4585.824376907338
17.067008,4629.326020797925
17.083675,4610.687213817977
17.100342,4621.922483533708
17.117009,4558.897793014968
17.133676,4579.936492664093
17.150343,4721.945350912716
17.16701,4644.165227235217
17.183677,4774.614390798427
17.200344,4794.411566586079
17.217011,4930.955678169004
17.233678,4825.822270705133
17.250345,5123.781570757634
17.267012,4962.443067831894
17.283679,5109.841972036059
17.300346,5244.352438043626
17.317013,5235.00350868017
17.33368,5007.385375312515
17.350347,4882.731823007693
17.367014,4984.027149488198
17.383681,5046.409664359754
17.400348,4932.319517228185
17.417015,4838.531123228334
17.433682,4921.101407253174
17.450349,4854.021294831827
17.467016,5048.789076400412
17.483683,4899.539080059719
17.50035,5096.520075922293
17.517017,4937.968702301097
17.533684,5123.298010346411
17.550351,5156.356081996694
17.567018,5067.558609438376
17.583685,5063.712000245961
17.600352,5086.52931059252
17.617019,5096.275725893832
17.633686,5284.487642378757
17.650353,5372.10854734614
17.66702,5084.920768453153
17.683687,5047.843180056788
17.700354,5091.942893433014
17.717021,5109.371698163489
17.733688,5282.062724533956
17.750355,5267.313797788344
17.767022,5032.831518806737
17.783689,5178.069648883022
17.800356,5204.056467969825
17.817023,5479.348561459873
17.83369,5318.771260307997
17.850357,5462.988691665061
17.867024,5616.786489863515
17.883691,5440.738017408888
17.900358,5657.734027934351
17.917025,5670.350822202524
17.933692,5786.822714981997
17.950359,5468.983479569836
17.967026,5575.28558898055
17.983693,5947.167621158283
18.00036,5762.031498517686
18.017027,5810.21740310605
18.033694,5977.278587956369
18.050361,5996.921252971128
18.067028,6184.365206813361
18.083695,6067.16945437168
18.100362,6085.709853639484
18.117029,6497.498912757876
18.133696,6461.929993467759
18.150363,6640.869281388194
18.16703,6478.571822541294
18.183697,6686.330003476788
18.200364,6364.850461534767
18.217031,5879.444669051833
18.233698,6559.122399246449
18.250365,6350.505106191681
18.267032,6200.897718588215
18.283699,6270.207216512063
18.300366,6251.167213893761
18.317033,6350.734955332586
18.3337,6501.691006717264
18.350367,6490.549996915383
18.367034,6300.131866087387
18.383701,6229.115269403155
18.400368,6084.615667375404
18.417035,5940.495487255111
18.433702,6405.90060101388
18.450369,6424.191207121205
18.467036,6396.369639533348
18.483703,6494.782563020371
18.50037,6218.733637651526
18.517037,6769.251240720446
18.533704,6442.998201569289
18.550371,6594.389039366361
18.567038,6566.846841203364
18.583705,6639.186720908763
18.600372,6535.559437451143
18.617039,6434.321584073919
18.633706,6478.912058795101
18.650373,6556.378077306011
18.66704,6372.034742833145
18.683707,6495.759024481535
18.700374,6335.733441405417
18.717041,6495.131350813889
18.733708,6466.989976411153
18.750375,6124.779373256043
18.767042,6043.429874914571
18.783709,6424.407685239039
18.800376,6412.839896988215
18.817043,6268.910437353717
18.83371,6298.986650399122
18.850377,6353.832951427162
18.867044,6406.129815432007
18.883711,6090.589301619912
18.900378,6425.549161692948
18.917045,6217.534866528357
18.933712,6378.765237403346
18.950379,6382.949779024455
18.967046,6022.613923598103
18.983713,5845.014254598246
19.00038,5740.901472831911
19.017047,5879.667789387474
19.033714,5598.83569518575
19.050381,5493.831848148423
19.067048,5428.491977454824
19.083715,5690.356259290685
19.100382,5562.239810335695
19.117049,5576.460460565941
19.133716,5449.862824516991
19.150383,5076.100625479533
19.16705,5241.334656777145
19.183717,4889.488190016552
19.200384,4854.1837038306
19.217051,5026.824960385626
19.233718,4956.805113626112
19.250385,4848.178816022189
19.267052,5024.627780534312
19.283719,4935.254590292036
19.300386,4704.631396505013
19.317053,4727.250677003606
19.33372,4709.101949502041
19.350387,4707.818953815128
19.367054,4559.807705164722
19.383721,4549.73669689264
19.400388,4803.021017143075
19.417055,4473.733558609004
19.433722,4652.098184198738
19.450389,4728.514406099756
19.467056,4440.328448156777
19.483723,4511.444861360221
19.50039,4742.195323792284
19.517057,4728.348726736954
19.533724,4453.439270160008
19.550391,4506.129562811804
19.567058,4774.94329181391
19.583725,4900.498105861303
19.600392,4817.144464888163
19.617059,5048.505523445539
19.633726,4753.012299731099
19.650393,5100.567950583506
19.66706,4744.752933065191
19.683727,5116.964967675524
19.700394,4957.414900942026
19.717061,5031.115954069634
19.733728,5019.114472626692
19.750395,5134.925075113143
19.767062,5196.431895115477
19.783729,5167.497694098776
19.800396,5327.483065488102
19.817063,5101.441118683106
19.83373,5111.897231577098
19.850397,5277.082354356785
19.867064,5104.289539275033
19.883731,5483.020954502133
19.900398,5258.195986345585
19.917065,5410.453966379665
19.933732,5343.990821003699
19.950399,5715.92756730297
19.967066,5614.80359780779
19.983733,5705.317796130745
20.0004,5776.836077902547
20.017067,5520.566345243254
20.033734,5860.935767093429
20.050401,5832.251991299832
20.067068,5779.716915604013
20.083735,5738.937780785453
20.100402,6010.343319261317
20.117069,5997.432806200803
20.133736,6004.499629195218
20.150403,5885.351961032865
20.16707,5692.106014962444
20.183737,5474.3484738013
20.200404,5610.343474753349
20.217071,5705.753442634435
20.233738,5499.337536914379
20.250405,5355.435621811832
20.26707200000001,5454.71627580465
20.283739,5501.852456516437
20.300406,5469.548761784696
20.317073,5603.963843740905
20.33374,5616.99047338927
20.350407,5702.531485194091
20.367074,5640.708319582283
20.383741,5683.081732810479
20.400408,5819.826769522499
20.417075,5648.965447111336
20.433742,5987.769460648962
20.450409,5855.483525836717
20.467076,6213.000107630165
20.483743,6035.365348305202
20.50041,5926.156306013423
20.517077,5887.155759795814
20.53374400000001,5977.356481319185
20.550411,6344.286098586467
20.567078,6183.132631219363
20.583745,6241.382982115376
20.600412,6330.764029142379
20.617079,6280.401665442477
20.633746,6301.730070485114
20.650413,6099.941192126883
20.66708,6320.906386679021
20.683747,6071.41029761546
20.700414,6086.339155187119
20.717081,6160.681717228721
20.733748,6390.398788870977
20.750415,6173.205823484813
20.76708200000001,6313.160213624898
20.783749,6391.751001385353
20.800416,6366.968502063247
20.817083,6592.874356200392
20.83375,6439.804122234036
20.850417,6317.665241618834
20.867084,6355.069564623543
20.883751,6073.255928684222
20.900418,6355.460098148599
20.917085,6286.204373442959
20.933752,6570.380027089548
20.950419,6367.688695579809
20.967086,6261.411476586876
20.983753,6131.130365341853
21.00042000000001,6145.729883323658
21.017087,6262.243059442029
21.03375400000001,6043.059720437112
21.050421,5894.126523725314
21.067088,5987.531754382703
21.083755,5808.770543265567
21.100422,5674.896567280158
21.117089,5622.274060447472
21.133756,5573.769126882194
21.150423,5838.955305506174
21.16709,5848.686856615202
21.183757,5514.412789123216
21.200424,5565.756799573845
21.217091,5557.539893807052
21.23375800000001,5403.245861447348
21.250425,5534.133762379904
21.26709200000001,5307.854657355884
21.283759,5594.213741332132
21.300426,5523.409641568832
21.317093,5573.156838657498
21.33376,5294.338086119792
21.350427,5122.016267404477
21.367094,4893.984398401979
21.383761,4937.758942367973
21.400428,4867.856622711262
21.417095,4953.120280609529
21.433762,4950.32958010016
21.450429,4929.361257580875
21.467096,4761.69450350747
21.483763,4828.992699885821
21.50043000000001,4765.409023997703
21.517097,4594.528190849943
21.53376400000001,4782.86129187845
21.550431,4798.687629996358
21.567098,4569.632650716384
21.583765,4431.412363804293
21.600432,4471.527737179798
21.617099,4524.249519997199
21.633766,4338.333673122374
21.650433,4511.847125882769
21.6671,4457.979555906173
21.683767,4385.286904657239
21.700434,4306.925567868666
21.717101,4274.397130128046
21.733768,4420.650850291328
21.750435,4466.094044547853
21.767102,4760.493902087643
21.783769,4865.086611570728
21.800436,4875.332356411238
21.817103,4913.697433048723
21.83377,5081.060994477597
21.850437,5045.108769002055
21.867104,5028.348833713226
21.883771,4978.978757356706
21.900438,4875.385607459208
21.917105,5033.578890234867
21.933772,4907.247466567839
21.950439,5093.950356559363
21.967106,4946.07908582548
21.983773,4901.773111964567
22.00044,5172.874161198504
22.017107,4952.007701619807
22.033774,4830.039709004039
22.050441,4978.261152232472
22.067108,4969.396630280682
22.083775,4947.731818279048
22.100442,5029.15051772689
22.117109,5126.577160571768
22.133776,4993.560314747037
22.150443,5222.843181509062
22.16711,5145.032748154546
22.183777,5083.976047507195
22.200444,5097.688913109811
22.217111,5071.15192211613
22.233778,5349.330137740552
22.250445,5323.990448634148
22.267112,5218.29073723787
22.283779,5280.399487724392
22.300446,5275.91395362158
22.317113,5534.903480779664
22.33378,5124.130631261311
22.350447,5376.22039693062
22.367114,5689.098173090934
22.383781,5460.515738130244
22.400448,5608.700546626914
22.417115,5515.22192603495
22.433782,5473.545895787438
22.450449,5762.609155402046
22.467116,5664.616728853352
22.483783,5711.437461057717
22.50045,5710.204523861504
22.517117,5669.400011444087
22.533784,5334.535917919603
22.550451,5670.409170892645
22.567118,5740.480131644495
22.583785,5551.592314780557
22.600452,5872.086788426013
22.617119,5838.696299589211
22.633786,5888.188586652132
22.650453,6134.451259880172
22.66712,5813.091433209709
22.68378700000001,5927.772012604219
22.700454,5960.257622767535
22.717121,5959.784453953069
22.733788,6021.104947679788
22.750455,6077.42359445051
22.767122,6049.565474966834
22.783789,6134.974344060231
22.800456,6382.51926042445
22.817123,6177.97115239627
22.83379,6453.106598936657
22.850457,6518.131818453381
22.867124,6354.303682546364
22.883791,6612.824996666565
22.900458,6357.62551254222
22.91712500000001,6298.786405233693
22.933792,6128.692815187259
22.950459,6266.391321336139
22.967126,6360.183879911312
22.983793,6594.556322198337
23.00046,6307.848777030985
23.017127,6567.808644878387
23.033794,6558.973153096676
23.050461,6262.654791831126
23.067128,6320.563862524295
23.083795,6407.866953161581
23.100462,6190.100689303235
23.117129,6712.019488265022
23.133796,6388.432585995288
23.15046300000001,6730.809459632063
23.16713,6470.246729691952
23.18379700000001,6517.408780824948
23.200464,6213.309096282534
23.217131,6677.542126980911
23.233798,6381.360531728297
23.250465,6353.843837159265
23.267132,6294.480623535792
23.283799,6285.345450694815
23.300466,6376.46948891892
23.317133,6424.097274172997
23.3338,6322.568352090935
23.350467,6173.600751468581
23.367134,6242.863610691249
23.383801,6535.63093068651
23.400468,6529.761176378082
23.41713500000001,6074.532410871336
23.433802,5963.080835673172
23.450469,6182.362888841611
23.467136,6158.701375582112
23.483803,6167.54946950737
23.50047,5910.771617042961
23.517137,5630.938181745695
23.533804,5773.784764093853
23.550471,5539.063035065032
23.567138,5694.167922168969
23.583805,5320.230304887726
23.600472,5367.111880300903
23.617139,5457.267733256535
23.633806,5182.126459682232
23.65047300000001,5519.206511460852
23.66714,5282.713286514593
23.68380700000001,5258.070485879693
23.700474,4895.586227396147
23.717141,4778.266793801533
23.733808,4913.491952840942
23.750475,4858.703114217909
23.767142,4968.445258524402
23.783809,5020.241782023092
23.800476,5006.023676027582
23.817143,4864.772829677725
23.83381,5003.914317982501
23.850477,4985.629169158251
23.867144,4984.841578296993
23.88381100000001,4928.934727480118
23.900478,4816.97456974558
23.917145,4916.73027906942
23.933812,4960.13624098966
23.950479,4717.030817221948
23.967146,4491.029695459112
23.983813,4690.290531769232
24.00048,4760.839603996543
24.017147,4651.209228004158
24.033814,4900.193484008391
24.050481,4897.805656859377
24.067148,4644.901043563883
24.083815,4787.525410209239
24.100482,4818.017862301858
24.117149,5088.173741860744
24.133816,5167.504852248189
24.150483,5018.915277244874
24.16715,5423.26606400841
24.183817,5355.935301850065
24.200484,5324.010076346036
24.217151,5201.527706356124
24.233818,5346.516467744892
24.250485,5867.669648804529
24.267152,5751.619404820675
24.283819,5771.531991920286
24.300486,5723.480541098284
24.317153,5772.765697064916
24.33382,5121.50292505075
24.350487,5204.663407586927
24.367154,5365.086123131404
24.383821,5087.451212123111
24.400488,5295.042347666414
24.417155,5240.315549406553
24.433822,5238.133983068089
24.450489,4967.388937494325
24.467156,5100.382294244869
24.483823,4907.137978367695
24.50049,5251.807218696417
24.517157,4974.433454294794
24.533824,5093.614128708789
24.550491,4964.360121946263
24.567158,4918.433312305634
24.583825,5143.353751949215
24.600492,4808.774460363516
24.617159,5077.710953299073
24.633826,5136.861038290309
24.650493,4902.588508462733
24.66716,5068.249606331982
24.683827,5164.955349495978
24.700494,5483.018090333412
24.717161,5620.89320228662
24.733828,5468.876413504878
24.750495,5608.679951205085
24.767162,5441.455763830483
24.783829,5448.856984468401
24.800496,5763.229267352056
24.817163,5630.31621312981
24.83383000000001,5697.895958740086
24.850497,5555.49656304696
24.867164,5806.480910531803
24.883831,5235.47702777442
24.900498,5364.62076005194
24.917165,5272.302337139206
24.933832,5889.626418849083
24.950499,5664.297508763373
24.967166,5739.1564733165
24.983833,6010.12490634334
25.0005,5759.010780058847
25.017167,5868.432729508533
25.033834,5568.958290514845
25.050501,5941.387892555281
25.06716800000001,5932.434317166446
25.083835,5965.420618371519
25.100502,6013.707720314153
25.117169,5892.379765788436
25.133836,6005.040764331088
25.150503,5828.183214149821
25.16717,6030.631322512681
25.183837,6287.029860248582
25.200504,6181.216878975738
25.217171,6159.190394325441
25.233838,5945.455198443741
25.250505,6039.73392334812
25.267172,5976.243915597584
25.283839,6186.832344948454
25.30050600000001,6047.760681092353
25.317173,6012.84327728408
25.33384000000001,6033.366663724552
25.350507,6076.795471488454
25.367174,6014.633303840576
25.383841,5934.142536648875
25.400508,5702.000001572354
25.417175,5800.062703250417
25.433842,6074.114808226597
25.450509,6006.561805666234
25.467176,5928.966943924823
25.483843,6061.88125015366
25.50051,5973.726237811435
25.517177,6239.863164809982
25.533844,6163.651713793421
25.550511,6482.74331451131
25.56717800000001,6182.88204246169
25.583845,6286.740414698083
25.600512,6189.584679956725
25.617179,6092.578630953097
25.633846,6301.06774752516
25.650513,6334.60552904526
25.66718,6044.460677324634
25.683847,6170.773623729789
25.700514,5846.37673346367
25.717181,5945.964803471553
25.733848,5980.738838197099
25.750515,5584.705766970165
25.767182,5599.754656104373
25.783849,5567.268256716808
25.80051600000001,5794.222807160074
25.817183,5732.672665132798
25.83385000000001,5672.980505298517
25.850517,5783.370659735044
25.867184,5364.523930618187
25.883851,5559.644812756527
25.900518,5662.464677010708
25.917185,5596.453593822133
25.933852,5753.968947389232
25.950519,5767.1276389012
25.967186,5682.101579008912
25.983853,5652.157488375361
26.00052,5447.530918175745
26.017187,5486.551743967701
26.03385400000001,5514.656612073535
26.050521,5462.333833485336
26.06718800000001,5300.60026741631
26.083855,4969.720324778701
26.10052200000001,5242.756542980108
26.117189,5242.572367972611
26.133856,5153.255197526809
26.150523,5066.961739037035
26.16719,4797.858639449656
26.183857,4907.979083330397
26.200524,4882.631238536355
26.217191,4716.149431792745
26.233858,4689.08244988047
26.250525,4888.671754100682
26.267192,4589.88025290131
26.283859,4531.280791593547
26.300526,4837.39315911273
26.317193,4522.912254512493
26.33386,4813.023655254214
26.350527,4882.53287962817
26.367194,4557.579367977904
26.383861,4656.042881747617
26.400528,4576.667335206746
26.417195,4729.491372046245
26.433862,4574.238356068457
26.450529,4566.089884967104
26.467196,4558.281160402147
26.483863,4592.454295362893
26.50053,4669.318888757531
26.517197,4544.939803300923
26.533864,4786.010441425639
26.550531,4613.904334339533
26.567198,5152.823416160377
26.583865,4957.245940378997
26.600532,5011.037208796692
26.617199,4919.474045364727
26.633866,5013.461188144305
26.650533,4849.285359433053
26.6672,4709.916685219203
26.683867,4796.819189510925
26.700534,4567.219652395086
26.717201,4731.349335766083
26.733868,4717.249923123702
26.750535,4696.802411640713
26.767202,4794.567704425201
26.783869,4994.82115358713
26.800536,4976.622251161329
26.817203,4941.446788355219
26.83387,5038.914362526847
26.850537,5225.524640258793
26.867204,5090.427008889834
26.883871,5425.033712887514
26.900538,5302.61163171303
26.917205,5358.471285346183
26.933872,5428.402340580366
26.950539,5173.727335937734
26.967206,5675.075315300966
26.98387300000001,5227.473902640822
27.00054,5433.384308081984
27.017207,5347.987643962781
27.033874,5261.896777428303
27.050541,5244.874831817137
27.067208,5434.48713111157
27.083875,5365.310065118244
27.100542,5487.737418105535
27.117209,5598.480062446178
27.133876,5376.424942236201
27.150543,5569.670385577703
27.16721,5743.802745816402
27.183877,5813.783416113257
27.200544,5775.675638081606
27.21721100000001,5702.510026938048
27.233878,5875.921936792324
27.250545,5968.740995224402
27.267212,5925.563163998181
27.283879,5947.401528368822
27.300546,6120.441929180995
27.317213,6086.197888229277
27.33388,6219.232873893446
27.350547,6059.567584150643
27.367214,6157.150940253114
27.383881,6162.123117972933
27.400548,6257.370589421031
27.417215,6285.811803105336
27.433882,5947.073597386159
27.450549,6234.970652954456
27.467216,6319.502020613254
27.48388300000001,6233.749997308595
27.50055,5905.104468272731
27.517217,5751.944910413033
27.533884,5938.586192525085
27.550551,5865.418652117226
27.567218,6319.630208553186
27.583885,6308.180749437547
27.600552,6378.824061219278
27.617219,6280.816803172791
27.633886,6107.980472951564
27.650553,5894.236815087153
27.66722,5841.738969750085
27.683887,5714.877494918414
27.700554,6128.870748041971
27.71722100000001,6170.550208071732
27.733888,5708.50621980166
27.750555,5823.526529332909
27.767222,5935.040793148601
27.783889,5704.556881393732
27.800556,5862.331774634566
27.817223,5878.425118844733
27.83389,5905.345026479576
27.850557,5558.294326973506
27.867224,5754.355636325305
27.883891,5682.175872884322
27.900558,6029.210733200122
27.917225,6270.219556650713
27.933892,6231.326891442896
27.95055900000001,6254.018185492881
27.967226,6534.354402011127
27.98389300000001,6523.522715326067
28.00056,6355.397192566953
28.017227,6161.67202750817
28.033894,6142.631163824946
28.050561,6167.708630776349
28.067228,6191.431980503151
28.083895,6041.417817462707
28.100562,5898.536290410681
28.117229,5676.463275232742
28.133896,5436.132832131543
28.150563,5766.368354566447
28.16723,5401.306960137918
28.18389700000001,5763.181776418758
28.200564,5659.593631215768
28.21723100000001,5475.670248106512
28.233898,5800.604468550655
28.25056500000001,5745.992008274767
28.267232,5718.992263338589
28.283899,5787.436545861671
28.300566,5394.579928950971
28.317233,5229.097719532709
28.3339,5085.566443813361
28.350567,5038.765990209989
28.367234,5234.098393063994
28.383901,5158.473616279635
28.400568,5009.510948862217
28.417235,4901.758167949557
28.433902,5042.341535526473
28.45056900000001,4610.144127014739
28.467236,4582.159033617138
28.48390300000001,4812.226374101423
28.50057,4747.761481557958
28.517237,4761.578796325031
28.533904,4659.034856496067
28.550571,4914.659518099143
28.567238,4707.438451810709
28.583905,4895.122875951539
28.600572,4670.309758537183
28.617239,4467.533115121242
28.633906,4787.664657631226
28.650573,4683.291491081975
28.66724,4820.932313955369
28.683907,4576.82211862367
28.700574,4754.639663313753
28.717241,4694.787435344746
28.733908,4723.289932366297
28.750575,4487.421248148514
28.767242,4825.715010267664
28.783909,4857.835960713188
28.800576,4732.848888616097
28.817243,4951.433605564953
28.83391,4970.667219164819
28.850577,5128.072629519336
28.867244,5028.140691712455
28.883911,5284.581946152282
28.900578,5234.12384813062
28.917245,4952.330867583184
28.933912,4921.258239172877
28.950579,5040.493010796299
28.967246,5026.804845463635
28.983913,4866.5053286359
29.00058,4774.636746360335
29.017247,4926.901927739337
29.033914,4993.811853024627
29.050581,4944.116187952997
29.067248,5069.505502693291
29.083915,5162.359322868093
29.100582,5092.497690282401
29.117249,4834.991721614051
29.13391600000001,5178.581405280341
29.150583,5392.883728841425
29.16725,5308.925875101283
29.183917,5167.404548428944
29.200584,5500.018788620101
29.217251,5392.304269370175
29.233918,5610.607234988093
29.250585,5260.653653179538
29.267252,5591.533689874097
29.283919,5688.898940758452
29.300586,5497.547555453692
29.317253,5758.410453350009
29.33392,6000.250178706754
29.350587,6085.721856680068
29.36725400000001,6107.793904156188
29.383921,6373.096092321058
29.400588,6370.985601385604
29.417255,6451.622970263425
29.433922,6589.044010793375
29.450589,6729.992104202145
29.467256,6801.783102898451
29.483923,6588.938999952647
29.50059,6524.244878810476
29.517257,6556.441243716012
29.533924,6384.057429298135
29.550591,6687.781406789009
29.567258,6805.111504242026
29.583925,6354.597602872498
29.600592,6305.292347446057
29.617259,6534.454436176215
29.63392600000001,6433.166982461382
29.650593,5938.026220141189
29.66726,6459.704613789074
29.683927,6387.81098579237
29.700594,6570.56333539866
29.717261,6465.428297212491
29.733928,6368.403636765643
29.750595,6641.073820757148
29.767262,6378.421388560398
29.783929,6845.473294055482
29.800596,6372.388106857723
29.817263,6527.506263546285
29.83393,6428.58971676363
29.850597,6595.276050556351
29.86726400000001,6234.661893393964
29.883931,6286.718297166896
29.900598,6296.813222396175
29.917265,6053.384576571771
29.933932,6105.007813403525
29.950599,6287.807577757512
29.967266,6045.506268469062
29.983933,5804.014407491079
30.0006,6043.42765886568
30.017267,5929.267849596313
30.033934,6038.870388688126
30.050601,6028.726738968908
30.067268,6115.889571649318
30.083935,5889.273147140379
30.10060200000001,5912.226355844587
30.117269,5927.191567728677
30.13393600000001,6143.370572783062
30.150603,5890.036358271189
30.16727,5866.21974861806
30.183937,5897.758148573243
30.200604,5812.262351780987
30.217271,5960.000996599362
30.233938,5974.182241893683
30.250605,6060.611633589681
30.267272,5927.69188337195
30.283939,5795.394396071067
30.300606,6029.063660243504
30.317273,6015.743191865181
30.33394000000001,6651.960565620796
30.350607,6621.819742874688
30.36727400000001,6222.79390155666
30.383941,6261.20847926193
30.400608,6172.709388868199
30.417275,6407.707338876042
30.433942,6312.648351017802
30.450609,6191.157462701012
30.467276,6231.73066790891
30.483943,6337.387056190192
30.50061,6522.692615790476
30.517277,6363.730180931818
30.533944,6256.026277119554
30.550611,6210.95977945928
30.567278,6242.801876446923
30.583945,6100.884144723612
30.60061200000001,5839.971581750596
30.617279,5912.57626729273
30.63394600000001,5762.587204940428
30.650613,5746.632647796167
30.66728,5543.125286697288
30.683947,5476.532315209152
30.700614,5602.463863030256
30.717281,5460.607025051764
30.733948,5532.793528937671
30.750615,5495.246611607139
30.767282,5440.751990758286
30.783949,5351.475848274966
30.800616,5272.031032324969
30.817283,5398.745901750217
30.83395000000001,4963.856781476863
30.850617,5139.975139144241
30.86728400000001,4912.658992720329
30.883951,4971.164110600579
30.90061800000001,4994.844348669019
30.917285,4873.917334504718
30.933952,4727.221835671116
30.950619,4802.861633643559
30.967286,4887.954622133273
30.983953,4667.029545667852
31.00062,4848.14639465562
31.017287,4704.620759794117
31.033954,4992.05307524574
31.050621,5173.735309826678
31.067288,5152.326930104961
31.083955,5242.375485212477
31.100622,5193.142669567175
31.117289,5130.62028514771
31.133956,5233.087836789156
31.150623,5454.825313983672
31.16729,5194.528834016729
31.183957,5158.857260173649
31.200624,5357.313692133056
31.217291,5190.115573962734
31.233958,5286.139698908686
31.250625,5359.662001799289
31.267292,5250.03499958756
31.28395900000001,5298.878460480629
31.300626,5341.954139296097
31.317293,5253.184381106781
31.33396,5005.299175214753
31.350627,5121.131052983555
31.367294,5186.608547309482
31.383961,5074.932210612885
31.400628,5124.146754620404
31.417295,5286.307645080116
31.433962,5384.393051060662
31.450629,5236.097097885095
31.467296,5301.782256521065
31.483963,5281.856563580207
31.50063,5252.79306365579
31.517297,5689.811113644771
31.533964,5841.951455370068
31.550631,5713.569315773154
31.567298,5840.045538400792
31.583965,5868.103572331784
31.600632,6029.643520505888
31.617299,6051.258721621119
31.633966,5958.129785527064
31.650633,6366.315292466044
31.6673,6345.340790437309
31.683967,6313.197539250697
31.700634,6362.758572263495
31.717301,6205.001303835359
31.733968,6135.696775717141
31.750635,6167.750915321472
31.767302,6446.354970443643
31.78396900000001,6471.116858314082
31.800636,6412.317495661675
31.817303,6401.730859998091
31.83397,6657.678763249704
31.850637,6647.670561683996
31.867304,6414.300477350364
31.883971,6545.637446518977
31.900638,6607.153934138695
31.917305,6618.371029456803
31.933972,6559.495020905577
31.950639,6671.344688376917
31.967306,6693.46535707461
31.983973,6452.926627684633
32.00064,6302.720098761291
32.017307,6602.549787601626
32.033974,6495.533148191131
32.050641,6572.367505974004
32.067308,6479.699754631323
32.083975,6434.661309100958
32.100642,6576.440179689649
32.117309,6538.526799620693
32.133976,6344.093064403211
32.150643,6446.559410464625
32.16731000000001,6141.000849266605
32.18397700000001,6193.651583785932
32.200644,5916.579459497611
32.217311,6343.850633695639
32.233978,6298.480071105386
32.25064500000001,6395.653429140531
32.267312,6220.115125693048
32.283979,6445.571046822191
32.300646,5970.922386097261
32.317313,5769.266709728173
32.33398,5945.6618729632
32.350647,5938.711721202872
32.36731400000001,6068.502111733508
32.383981,5840.338814053108
32.400648,6026.143200813654
32.417315,5947.146463002397
32.433982,6079.390737921943
32.45064900000001,5959.588956368745
32.467316,6111.947441435107
32.483983,6004.746082159073
32.50065,5908.615965303175
32.51731700000001,6004.467478421526
32.533984,5798.743279866399
32.550651,6065.623196357572
32.567318,5781.400138119935
32.583985,5953.901894445093
32.600652,6060.135240661009
32.617319,6049.432894652807
32.63398600000001,6412.811183384436
32.65065300000001,6461.487452738491
32.66732,6267.935616760545
32.683987,6421.571881654917
32.700654,6351.231163113784
32.71732100000001,6219.03627788034
32.733988,6183.198019997975
32.750655,6320.639915585475
32.767322,6153.234757229567
32.78398900000001,6156.441814087311
32.800656,6019.826612950144
32.817323,5927.316763899951
32.83399,5669.589461341539
32.850657,5721.72041733814
32.867324,5858.521296358173
32.883991,5626.230721335678
32.90065800000001,5500.429264235365
32.91732500000001,5419.99168443612
32.933992,5667.602605556327
32.950659,5424.094816198881
32.967326,5450.73375587289
32.98399300000001,5391.513365218501
33.00066,5354.423551669046
33.017327,5140.569746454727
33.033994,5459.152141530923
33.05066100000001,5382.567167110896
33.067328,5339.272127364537
33.083995,5456.053058256442
33.10066200000001,5481.156977247713
33.11732900000001,5305.011000419971
33.133996,5235.240803078916
33.150663,5163.572232857752
33.16733000000001,5109.43234502116
33.18399700000001,4889.850202420682
33.200664,4828.711209694699
33.217331,4862.42033372873
33.233998,4889.805041366682
33.25066500000001,5123.442791896947
33.267332,4826.978815554946
33.283999,4810.020080971662
33.300666,5151.704593208903
33.317333,5109.492879779362
33.334,4893.851610624837
33.350667,4824.209853064536
33.36733400000001,4897.142650913655
33.384001,4899.444261123308
33.400668,5103.247001475263
33.417335,5268.791922192785
33.43400200000001,5151.112119245595
33.450669,5282.244288326434
33.467336,4975.453569472006
33.484003,5080.922702584456
33.50067,4906.811524919855
33.517337,4931.375938879517
33.534004,4781.514419595555
33.550671,4944.598897432349
33.567338,4683.971539474426
33.584005,4800.473943118071
33.600672,4804.118865343297
33.617339,4537.762530588315
33.63400600000001,4695.881763575122
33.650673,4657.14179858939
33.66734,4644.455278106234
33.684007,4697.70369168292
33.700674,4898.413110064182
33.717341,4745.194994512256
33.734008,4933.366991116543
33.750675,4962.095730200063
33.767342,5059.384207391815
33.784009,4986.470827072983
33.800676,5253.601539750249
33.817343,5099.618396155799
33.83401000000001,5174.763131732866
33.850677,5164.039116542659
33.867344,5173.866069945862
33.884011,5472.224377457575
33.90067800000001,5495.385420021949
33.917345,5611.771765948678
33.934012,5629.832719944879
33.950679,5800.291537340216
33.967346,5652.067997236817
33.984013,5713.915465431274
34.00068,6040.270914734449
34.017347,6060.858230317013
34.034014,6149.411885474821
34.050681,6016.68668288838
34.067348,5894.453309483837
34.084015,5853.769875658315
34.10068200000001,5973.201470405022
34.117349,5627.593127613698
34.134016,5945.578496271016
34.150683,5793.25180927092
34.16735000000001,5913.117920937447
34.184017,6018.287810946292
34.200684,6259.151407570273
34.217351,6129.868073962062
34.234018,6437.111667865471
34.250685,6084.348034292774
34.267352,6266.824755728984
34.28401900000001,6250.932161190192
34.30068600000001,5947.057832710035
34.317353,6056.147654473452
34.33402,6028.774301968914
34.350687,6521.624536865285
34.36735400000001,6300.685421601303
34.384021,6110.24090373744
34.400688,6313.122363590581
34.417355,6475.458175110522
34.43402200000001,6281.71973503934
34.450689,6528.566926537746
34.467356,6421.222654432529
34.484023,6435.403680781102
34.50069,6182.975648641197
34.517357,6260.932207867205
34.534024,6562.726177691809
34.55069100000001,6513.413386562383
34.56735800000001,6210.692422233175
34.584025,6359.896674850902
34.600692,6293.40205503653
34.617359,6131.264049821803
34.63402600000001,6266.685717423405
34.650693,6038.156652178774
34.66736,6425.513068749671
34.684027,6034.61749228292
34.700694,6151.622704634026
34.717361,5990.872294678767
34.734028,6145.527571913127
34.750695,6150.183039326695
34.767362,6411.902753378753
34.784029,6523.957094655098
34.800696,6567.103198593907
34.81736300000001,6119.623099431556
34.83403000000001,6313.852213196406
34.850697,6351.073305604289
34.867364,6226.284653979639
34.884031,6222.125928545252
34.90069800000001,6073.401396307383
34.917365,5875.285736742635
34.934032,6018.465326081357
34.950699,5938.739607415654
34.967366,5653.38283151813
34.984033,5521.578856799027
35.0007,5532.068114413447
35.01736700000001,5540.494986191317
35.03403400000001,5374.911868939383
35.050701,5834.95344623648
35.067368,5732.355740801241
35.084035,5605.893938726644
35.10070200000001,5968.646738234477
35.117369,5933.569145598914
35.134036,5777.618318880579
35.150703,5507.505931670468
35.16737000000001,5682.725194479039
35.184037,5720.452802786948
35.200704,5700.526917648254
35.217371,5543.983743004989
35.234038,5491.385616512116
35.250705,5319.774225983033
35.267372,4974.231955891008
35.28403900000001,5141.759275965557
35.30070600000001,4875.514896183948
35.317373,4876.52244453759
35.33404,5190.940895270483
35.350707,4877.332566078197
35.36737400000001,4899.131579355689
35.384041,4861.491306178403
35.400708,4828.026408612849
35.417375,5003.991372465007
35.43404200000001,5091.093742573546
35.450709,5042.86297611118
35.467376,4903.658657782449
35.484043,4817.772155704914
35.50071,5010.048510413369
35.517377,4623.447683646402
35.534044,4895.035048382501
35.55071100000001,4725.066191954692
35.56737800000001,4885.124219942068
35.584045,4970.343637341572
35.600712,4872.251368733793
35.617379,4662.548100924398
35.634046,4627.75688281334
35.650713,4562.038399888001
35.66738,4558.839604052659
35.684047,4729.328521582763
35.700714,4880.695992368584
35.717381,4960.787649416142
35.734048,4853.043244039605
35.75071500000001,4730.154989435868
35.767382,4999.381065343623
35.784049,4972.126942197106
35.800716,4713.823436486774
35.81738300000001,4953.571537445826
35.83405,4959.61138391135
35.850717,4726.381794872038
35.867384,4908.293974924647
35.884051,4885.560242231505
35.900718,4872.407497557763
35.917385,4959.544252387958
35.934052,4666.393863609585
35.950719,4686.165670821678
35.967386,4816.657426062441
35.984053,4658.27868849829
36.00072,4723.536634837991
36.01738700000001,4835.498112213453
36.034054,4682.690068785364
36.050721,4914.164809640764
36.067388,5019.19249716753
36.08405500000001,4769.496885581225
36.100722,4801.637910217169
36.117389,5079.2947791932
36.134056,5088.972997967197
36.150723,5024.413754909372
36.16739,5305.064127412957
36.184057,5173.593647601253
36.20072400000001,5107.616137091072
36.21739100000001,5304.062126849001
36.234058,5289.181736561683
36.250725,5046.619025275462
36.267392,5188.239056229817
36.28405900000001,5266.141747905674
36.300726,4964.285359084794
36.317393,5070.891398793199
36.33406,5271.318670732669
36.350727,5025.005318364258
36.367394,5243.304272387071
36.384061,5284.049351536143
36.400728,5118.15609664893
36.417395,5027.079027079024
36.434062,5125.508821741608
36.450729,5316.585951170066
36.46739600000001,5156.996618405062
36.48406300000001,5256.729173513804
36.50073,5065.923005008546
36.517397,4955.022371902952
36.534064,4868.145792182623
36.55073100000001,5214.348853227957
36.567398,5013.82873979988
36.584065,4904.695390781037
36.600732,5048.767805328966
36.617399,4956.437927222268
36.634066,5186.472037067236
36.650733,5054.063275953636
36.6674,4799.603661836677
36.684067,4962.308113958618
36.700734,5115.431115166558
36.717401,5041.934280100697
36.734068,4779.368382432639
36.75073500000001,5005.132788999606
36.767402,4976.477959275891
36.784069,4785.974484216742
36.800736,4679.767673761405
36.81740300000001,4668.973516538598
36.83407,4910.860485869912
36.850737,5062.102218352179
36.867404,4733.76638559983
36.884071,4680.453227034966
36.900738,4647.249085274701
36.917405,4853.976532475207
36.93407200000001,4771.438820947334
36.95073900000001,4656.792452733066
36.967406,4722.525682553833
36.984073,4699.016892133649
37.00074,4644.756005785137
37.01740700000001,4796.912183627774
37.034074,4729.237077912196
37.050741,4562.12294944748
37.067408,4739.127737326201
37.08407500000001,4662.29410251511
37.100742,4561.396111468072
37.117409,4441.284404251124
37.134076,4551.802802914378
37.150743,4666.420464610103
37.16741,4422.907997627352
37.184077,4463.928679720385
37.20074400000001,4602.481564878726
37.21741100000001,4444.931078769609
37.234078,4505.289128082051
37.250745,4509.857598890829
37.267412,4822.23382125511
37.28407900000001,4611.896331452853
37.300746,4526.170981656535
37.317413,4694.111225447499
37.33408,4536.283954074132
37.35074700000001,4636.673401575727
37.367414,4678.106431540043
37.384081,4705.295539113059
37.400748,4485.033341153375
37.417415,4558.734110547329
37.434082,4524.917945986997
37.450749,4509.17191467092
37.46741600000001,4698.376022160507
37.48408300000001,4756.027441344897
37.50075,4608.433160148884
37.517417,4499.738573335807
37.534084,4766.746036553872
37.55075100000001,4664.793983343892
37.567418,4451.814444215393
37.584085,4541.253387063303
37.600752,4687.202442831815
37.617419,4468.207404118128
37.634086,4490.837024973355
37.650753,4533.279284389624
37.66742000000001,4602.978945499087
37.68408700000001,4527.157494423611
37.700754,4639.567142661949
37.717421,4577.847029547957
37.73408800000001,4650.731048820197
37.75075500000001,4595.710096696826
37.767422,4553.490074542479
37.784089,4494.796225755283
37.800756,4789.844687824205
37.81742300000001,4639.100475315545
37.83409,4989.671568954809
37.850757,4936.270578760386
37.867424,4725.355841533354
37.884091,4992.762932545248
37.900758,4784.398066699225
37.917425,4970.156058461203
37.93409200000001,4678.750925465304
37.95075900000001,4813.345464172498
37.967426,5012.505509532223
37.984093,4911.889722702629
38.00076,4845.33735721808
38.017427,4702.434636953524
38.034094,4882.169438352073
38.050761,4787.434184724401
38.067428,5010.865437570573
38.084095,4851.948890158407
38.100762,4723.152210295305
38.117429,4835.985539941739
38.13409600000001,4901.414819311128
38.150763,4978.978490556946
38.16743,4947.744852468894
38.184097,5090.976887618265
38.20076400000001,4958.811422774731
38.217431,5035.590108603665
38.234098,4911.604071789661
38.250765,5001.927105874944
38.267432,4504.775552410105
38.284099,4833.697555437904
38.300766,4813.546595507823
38.317433,4771.023210309404
38.3341,5030.884337572297
38.350767,4764.55635933244
38.367434,5044.623763649242
